<?xml version="1.0" encoding="UTF-8"?>
<beans xmlns="http://www.springframework.org/schema/beans"
	xmlns:xsi="http://www.w3.org/2001/XMLSchema-instance"
	xmlns:aop="http://www.springframework.org/schema/aop"
	xmlns:context="http://www.springframework.org/schema/context"
	xmlns:mvc="http://www.springframework.org/schema/mvc"
	xsi:schemaLocation="http://www.springframework.org/schema/beans
	 http://www.springframework.org/schema/beans/spring-beans.xsd
		http://www.springframework.org/schema/aop 
		http://www.springframework.org/schema/aop/spring-aop-4.2.xsd
		http://www.springframework.org/schema/context 
		http://www.springframework.org/schema/context/spring-context-4.2.xsd
		http://www.springframework.org/schema/mvc 
		http://www.springframework.org/schema/mvc/spring-mvc-4.2.xsd">
	
	<context:component-scan base-package="com.rc.controller" />
	<mvc:annotation-driven />
	
	<bean class="org.springframework.web.servlet.handler.SimpleUrlHandlerMapping">
		<property name="mapping">
			<props>
				<prop key="/index.html">index</prop>
			</props>
		</property>
	</bean>
	<!-- <bean class="org.springframework.web.servlet.mvc.annotation.DefaultAnnotation"></bean> -->

	<bean id="viewResolver" class="org.springframework.web.servlet.view.InternalResourceViewResolver">
		<property name="prefix" value="/WEB-INF/views/" />
		<property name="suffix" value=".jsp" />
	</bean>
</beans>
